2002,Samtliga_årtal
50 och 60-tal,NaN
allmänmänsklig,NaN
alternativ,NaN
ambitionsnivå,NaN
Asbjørn Aarseth,Norska_litteraturvetare
auditorium,Begrepp_inom_arkitektur
augusti och september 1951,NaN
Bengt Emil Johnson,Svenska_författare
berättelse,Termer_inom_litteraturvetenskap
Birgitta Stenberg,Svenska_manusförfattare
Björn Lundegård,Svenska_poeter
Bo Setterlind,Svenskspråkiga_författare
dagligen,NaN
erfarenhet,Kunskap
frågeställning,NaN
förbindelse,Differentialgeometri
föreställning,NaN
författare,Personer_inom_litteratur
författarskap,NaN
förhållande,NaN
förlagsverksamhet,NaN
generation,Demografi
Gertrud Knepler,NaN
hanterlighet,NaN
hel tid,NaN
Henrik Berggren och Lars Trägårdh,NaN
i 50-tal,NaN
i början av 1980-tal,NaN
i juli,NaN
iakttagelse,NaN
ickepolitisk,NaN
idag,NaN
idéhistorisk,NaN
individualism,Rörelser_inom_etik
individuell,NaN
inspirationskälla,NaN
internationell,NaN
irrelevans,NaN
Jacques Rancière,Estetiker
Johanna Lundström,NaN
Kafka,NaN
Karl Vennberg,Svenskspråkiga_författare
kommunikation,Samhälle
konfrontation,NaN
korrespondent,Journalistik
Lars Görling,Svenskspråkiga_författare
Lasse Söderberg,Svenska_författare
litteratur,Kultur
litteraturforskare,NaN
litteraturvetenskap,Humaniora
lägesbeskrivning,Geografi
medmänniska,NaN
medmänsklighet,Dygder
medvetande,Psykoanalys
metamorfos,NaN
modernitet,Sociologi
motsägelsefull,NaN
mätinstrument,Produkter
New York Times,NaN
nu,NaN
nyss,NaN
någon gång,NaN
obarmhärtig,NaN
obegriplig,NaN
oförnuftig,NaN
omständighet,NaN
orientering,Sport
otillfredsställelse,NaN
P O Sundman,NaN
Paul Andersson,NaN
Paul Tenngart,Svenska_författare
Petter Bergman,Svenskspråkiga_författare
predikament,NaN
problematik,NaN
Proteus,Gudar_i_grekisk_mytologi
psykologisk,NaN
på 50-tal,NaN
rationalitet,NaN
redan höst 1945,NaN
samma år,NaN
sensibilitet,NaN
sentimentalitet,Känslor
servilitet,NaN
solidaritet,Moral
Stockholm,Europas_huvudstäder
subjektivitet,Termer_inom_humanfilosofi
Svante Foerster,Svenskspråkiga_författare
Sverige,Europas_länder
teknologisk,NaN
tidskrift,Tidskrifter
tio år sent,NaN
ungdomskultur,Subkulturer
universalitet,Termer_inom_logik
upplevelse,NaN
Vasastan,Stadsdelar_i_Stockholm
vedersakare,NaN
Vennberg,Svenska_efternamn
vidskepelse,Folktro
välfärdssamhälle,Politiska_termer
Wästberg,NaN
äventyrlig,NaN
