2002, 
50 och 60-tal, 
allmänmänsklig, 
alternativ, 
ambitionsnivå, 
Asbjørn Aarseth, 
auditorium, 
augusti och september 1951, 
Bengt Emil Johnson, 
berättelse, 
Birgitta Stenberg, 
Björn Lundegård, 
Bo Setterlind, 
dagligen, 
erfarenhet, 
frågeställning, 
förbindelse, 
föreställning, 
författare, 
författarskap, 
förhållande, 
förlagsverksamhet, 
generation, 
Gertrud Knepler, 
hanterlighet, 
hel tid, 
Henrik Berggren och Lars Trägårdh, 
i 50-tal, 
i början av 1980-tal, 
i juli, 
iakttagelse, 
ickepolitisk, 
idag, 
idéhistorisk, 
individualism, 
individuell, 
inspirationskälla, 
internationell, 
irrelevans, 
Jacques Rancière, 
Johanna Lundström, 
Kafka, 
Karl Vennberg, 
kommunikation, 
konfrontation, 
korrespondent, 
Lars Görling, 
Lasse Söderberg, 
litteratur, 
litteraturforskare, 
litteraturvetenskap, 
lägesbeskrivning, 
medmänniska, 
medmänsklighet, 
medvetande, 
metamorfos, 
modernitet, 
motsägelsefull, 
mätinstrument, 
New York Times, 
nu, 
nyss, 
någon gång, 
obarmhärtig, 
obegriplig, 
oförnuftig, 
omständighet, 
orientering, 
otillfredsställelse, 
P O Sundman, 
Paul Andersson, 
Paul Tenngart, 
Petter Bergman, 
predikament, 
problematik, 
Proteus, 
psykologisk, 
på 50-tal, 
rationalitet, 
redan höst 1945, 
samma år, 
sensibilitet, 
sentimentalitet, 
servilitet, 
solidaritet, 
Stockholm, 
subjektivitet, 
Svante Foerster, 
Sverige, 
teknologisk, 
tidskrift, 
tio år sent, 
ungdomskultur, 
universalitet, 
upplevelse, 
Vasastan, 
vedersakare, 
Vennberg, 
vidskepelse, 
välfärdssamhälle, 
Wästberg, 
äventyrlig, 
