,,Lätt,Medelsvårt,Svårt,Extremt svårt
Med Tiden,Obscure,,,,
Tam,Simple,,,,
Uppsöka,Simple,,,,
Kontrakt,Simple,,,,
Gidlund,Simple,,,,
Buckla,Simple,,,,
Upplösningsprocess,Obscure,,,,
Unghund,Simple,,,,
Sur,Simple,,,,
Tung,Simple,,,,
Vuxen,Simple,,,,
Hästintresse,Simple,,,,
W,Simple,,,,
Filmformat,Simple,,,,
Earwin,Simple,,,,
Tillmötesgå,Simple,,,,
Unisont,Simple,,,,
Davis,Simple,,,,
Björklinge,Simple,,,,
Mödosamt,Simple,,,,
Underkasta,Simple,,,,
Bradbury,Simple,,,,
Hisnande,Obscure,,,,
Svensktoppsartist,Simple,,,,
Lo-Utredning,Simple,,,,
Saksökare,Simple,,,,
Nybildad,Simple,,,,
Ståltråd,Obscure,,,,
Rhône,Obscure,,,,
Spenat,Obscure,,,,
Klubbstyrelse,Simple,,,,
Matematisk,Obscure,,,,
Västdiplomat,Simple,,,,
Stam,Simple,,,,
Robert Chapman,Obscure,,,,
Zygmunt Konieczny,Obscure,,,,
Sumpfri,Simple,,,,
Tvärs,Simple,,,,
Styra,Simple,,,,
Tillämpningsområde,Obscure,,,,
Backspegel,Simple,,,,
Stöp,Simple,,,,
Strindbergstolkare,Simple,,,,
Barrskog,Simple,,,,
Kulturklimat,Simple,,,,
Konsumentprodukt,Simple,,,,
Förlägga,Simple,,,,
Affe,Obscure,,,,
Bevarad,Simple,,,,
Mall,Simple,,,,
Celibat,Obscure,,,,
Jones,Simple,,,,
Swift,Simple,,,,
Räntechock,Simple,,,,
Mer Än 90 %,Obscure,,,,
Polis,Simple,,,,
Glasskiosk,Simple,,,,
Limpa,Simple,,,,
Svällande,Simple,,,,
Tomas Ledin,Obscure,,,,
Väghållning,Obscure,,,,
Svarttorp,Simple,,,,
Kompromisslösning,Simple,,,,
Vietnamkrig,Simple,,,,
Pendlingsavstånd,Simple,,,,
1916,Obscure,,,,
Ådagalägga,Simple,,,,
Calasvuoma,Obscure,,,,
Fånguppror,Obscure,,,,
Krog,Simple,,,,
Schanche,Simple,,,,
Star,Simple,,,,
Framända,Obscure,,,,
Platen,Simple,,,,
Avskedsansökan,Obscure,,,,
Undvikande,Simple,,,,
Vlt-Intervju,Simple,,,,
Rialaförsvarare,Simple,,,,
Kuta,Simple,,,,
Kontorstid,Obscure,,,,
Bupalus,Simple,,,,
Bjurström,Simple,,,,
Fysik,Simple,,,,
Fullblodsproffs,Obscure,,,,
Benstyrka,Simple,,,,
Eloge,Simple,,,,
Myndighetsperson,Obscure,,,,
Tampereen,Simple,,,,
Torksommar,Simple,,,,
Övervakare,Obscure,,,,
PTK,Simple,,,,
Slottsteater,Simple,,,,
Hemmaklubb,Simple,,,,
Unrg-Gerilla,Simple,,,,
Stenbro,Simple,,,,
Flygredskap,Simple,,,,
Centralstationshuset,Obscure,,,,
Folkmakt,Obscure,,,,
Underrättad,Simple,,,,
Nygräddad,Simple,,,,
Michail Mokretsovs,Obscure,,,,
Kursdagare,Simple,,,,
S,Simple,,,,
Avsky,Simple,,,,
Lövström,Simple,,,,
Carl-Gerhard,Simple,,,,
Jörgen,Simple,,,,
Favorisera,Simple,,,,
Färg,Simple,,,,
Stenhäll,Obscure,,,,
Fartgräns,Simple,,,,
Luigi,Simple,,,,
Röda Armén,Obscure,,,,
Duran,Simple,,,,
Senapsägg,Simple,,,,
Kommunalskattesystem,Simple,,,,
Affär,Simple,,,,
Mount,Simple,,,,
Ll-Stiftelsen,Simple,,,,
Gästspela,Simple,,,,
California,Simple,,,,
Fridlysa,Simple,,,,
Rökugn,Simple,,,,
Ål,Simple,,,,
År 1919,Obscure,,,,
Anvisad,Simple,,,,
Filmhuma,Simple,,,,
Hårdhjärtad,Simple,,,,
Bromberg,Simple,,,,
Lohengrin,Obscure,,,,
Reservbatteri,Simple,,,,
Ölkrog,Simple,,,,
Socialförsäkringsutskott,Obscure,,,,
Förord,Obscure,,,,
Ljushyad,Simple,,,,
Bixios,Simple,,,,
Densamma,Simple,,,,
Ekborg,Simple,,,,
Aouda,Simple,,,,
Prisutdelning,Obscure,,,,
C-N,Simple,,,,
Sälj,Simple,,,,
Schiller,Simple,,,,
Tillräckligt,Simple,,,,
Kavallerist,Obscure,,,,
Parisisk,Obscure,,,,
Forskningsminister,Simple,,,,
Montreal,Obscure,,,,
Pipspänning,Simple,,,,
Odessa,Simple,,,,
Progressivt,Simple,,,,
Högmod,Obscure,,,,
Från 60-Talet,Obscure,,,,
Favör,Simple,,,,
Hårdrationalisera,Simple,,,,
På 60-Talet,Obscure,,,,
Krås,Simple,,,,
Kvalifikationsutredning,Simple,,,,
Krjukov,Simple,,,,
Albert Schweitzer,Obscure,,,,
CDU-ledd,Simple,,,,
Over,Simple,,,,
Till Dags Dato,Obscure,,,,
Förödd,Simple,,,,
Nytt,Simple,,,,
Mak,Simple,,,,
Verdis,Simple,,,,
Kultförklarad,Simple,,,,
Adjungerad,Simple,,,,
Trumma,Simple,,,,
Kostnadsökande,Simple,,,,
Bostadslösning,Simple,,,,
Kompressorteknik,Simple,,,,
Hyresrättslägenhet,Simple,,,,
Ju,Simple,,,,
Whiskymärkt,Simple,,,,
Carol,Simple,,,,
Konkurrenstryck,Simple,,,,
Hittillsvarande,Simple,,,,
Älskad,Simple,,,,
Gran,Simple,,,,
Råvaruleverans,Simple,,,,
Hitchcocklärobok,Simple,,,,
Observateur,Simple,,,,
Inger Ärlemalms,Obscure,,,,
På Fredagarna,Obscure,,,,
Naturskyddsföreningen,Simple,,,,
Ära,Simple,,,,
Sjunkande,Simple,,,,
Specialbyggd,Simple,,,,
Perites-Alentejo,Simple,,,,
Horace,Simple,,,,
Väggspegel,Simple,,,,
Terpentin,Obscure,,,,
Försvarsjobb,Simple,,,,
Delta,Simple,,,,
Grop,Simple,,,,
Försona,Simple,,,,
Julivärme,Simple,,,,
Ordbruk,Simple,,,,
Dröm,Simple,,,,
Förhand,Simple,,,,
Mossliknande,Simple,,,,
Lekyth,Simple,,,,
Svensson,Simple,,,,
Tömma,Simple,,,,
Statsspråk,Simple,,,,
Pappersbruk,Obscure,,,,
Skrivbordsmatematik,Simple,,,,
Kungapar,Obscure,,,,
Parklandskap,Simple,,,,
Sent På Onsdagkvällen,Obscure,,,,
Folklivsforskare,Obscure,,,,
Arbetsstopp,Simple,,,,
Per-Anders,Simple,,,,
Kolli,Simple,,,,
House,Simple,,,,
Undre,Simple,,,,
Basis,Simple,,,,
Prick,Simple,,,,
Tjock,Simple,,,,
Hud,Simple,,,,
Positiva Sverige,Obscure,,,,
Mats Wilander,Obscure,,,,
Multimediaspektakel,Simple,,,,
Utlandsförmedling,Simple,,,,
Likblek,Obscure,,,,
Will,Simple,,,,
Herkule,Simple,,,,
Fackpamp,Simple,,,,
TT-Aftonbladet,Simple,,,,
Ubåtsprojekt,Simple,,,,
Panncentral,Simple,,,,
Vederbörligen,Simple,,,,
Utlokalisera,Simple,,,,
Förenad,Simple,,,,
"6,2 Miljarder Dollar",Obscure,,,,
Hundratusentals Kronor,Obscure,,,,
Anstalt,Simple,,,,
Struken,Simple,,,,
Hemställan,Obscure,,,,
Helsingborgs,Obscure,,,,
Respekterad,Simple,,,,
Bulten,Simple,,,,
Söndagshandlande,Simple,,,,
Bruksbil,Simple,,,,
En Månad,Obscure,,,,
Andrej,Simple,,,,
Miljöklassad,Simple,,,,
Livsväg,Simple,,,,
Sjögren,Simple,,,,
Fördubbla,Simple,,,,
Utge,Simple,,,,
Anstaltsledning,Simple,,,,
Vilt,Simple,,,,
Fällfångst,Simple,,,,
Sergels Torg,Obscure,,,,
1885,Obscure,,,,
Levnadsstandard,Obscure,,,,
Ekonomibyggnad,Obscure,,,,
Tidigare År,Obscure,,,,
Skyddande,Simple,,,,
Uttagsbeskattning,Obscure,,,,
Avvikelse,Obscure,,,,
Aula,Simple,,,,
Upptrappad,Simple,,,,
Iföra,Simple,,,,
Spritpris,Simple,,,,
Återinföra,Simple,,,,
Arbetslöshetskassa,Simple,,,,
Inräknad,Simple,,,,
Lease,Simple,,,,
Rexed,Simple,,,,
Motstrof,Obscure,,,,
Jobs,Simple,,,,
Gottgörelse,Obscure,,,,
Fritidsaffär,Simple,,,,
Huppert,Simple,,,,
Gallery,Simple,,,,
Nersliten,Simple,,,,
Injection,Simple,,,,
Dold,Simple,,,,
Långtidsparkera,Simple,,,,
Dödad,Simple,,,,
Ior,Obscure,,,,
Ledband,Simple,,,,
FN-observatör,Simple,,,,
Slafsig,Obscure,,,,
Sömnpiller,Simple,,,,
Granlund,Simple,,,,
Vasa,Simple,,,,
Acceptera,Simple,,,,
Konkursmark,Simple,,,,
Klädfirma,Simple,,,,
Utspridd,Simple,,,,
Sally,Simple,,,,
Tegel,Simple,,,,
Kulturchock,Obscure,,,,
Inkomstlös,Simple,,,,
Lauritz,Simple,,,,
Ingegerd,Obscure,,,,
Skulptera,Simple,,,,
Hansson,Simple,,,,
Delegera,Simple,,,,
Träbänk,Simple,,,,
Nerblodad,Simple,,,,
Bokenäs,Simple,,,,
Inskjuten,Simple,,,,
Remisskrivande,Simple,,,,
Förseglad,Simple,,,,
Bergkvist,Simple,,,,
Odenplan,Simple,,,,
Partiväsende,Simple,,,,
Holmsgatan,Simple,,,,
Tennis,Simple,,,,
Fruktansvärt,Simple,,,,
Blixttempo,Simple,,,,
Fascinerad,Simple,,,,
Dorotea,Simple,,,,
Distriktsförbund,Simple,,,,
Ämnesdidaktisk,Simple,,,,
Tyg,Simple,,,,
Stil,Simple,,,,
Reservtank,Simple,,,,
Gullmarsvallen,Simple,,,,
Bingo,Simple,,,,
Leif Lundbergs,Obscure,,,,
Dagligvara,Obscure,,,,
Tremtiniu,Simple,,,,
Seglarförbund,Simple,,,,
Rutinflygning,Simple,,,,
Ofullbordad,Simple,,,,
Institutionsstyrelse,Simple,,,,
Sundbyholm,Simple,,,,
Pelmo,Simple,,,,
Bengt-Göran,Simple,,,,
Egil,Simple,,,,
Smacka,Simple,,,,
Bonde,Simple,,,,
Naroskin,Simple,,,,
Andrzej,Simple,,,,
Tjugofem År,Obscure,,,,
Emmaboda,Simple,,,,
S1-Vagn,Simple,,,,
Jaan,Simple,,,,
Fläktare,Simple,,,,
Återberättare,Simple,,,,
Antagligen,Simple,,,,
Begapa,Simple,,,,
Verktygsmaskinindustri,Simple,,,,
Ruta,Simple,,,,
Chopper,Simple,,,,
Kjell,Simple,,,,
Danielsson,Simple,,,,
Klädintresserad,Simple,,,,
Omplacering,Obscure,,,,
Trångt,Simple,,,,
Knäproblem,Simple,,,,
Brunn,Simple,,,,
Lindad,Simple,,,,
Efter,Simple,,,,
Tripp,Simple,,,,
Bankkund,Simple,,,,
Triumfera,Simple,,,,
Ständigt,Simple,,,,
Förlama,Simple,,,,
Löparbana,Obscure,,,,
Nedhuggen,Simple,,,,
Hasselström,Simple,,,,
Träffa,Simple,,,,
Pjäs,Simple,,,,
Fantasieggande,Simple,,,,
Kulörtonsvag,Simple,,,,
Mött,Simple,,,,
Suddande,Obscure,,,,
Ladvägg,Simple,,,,
Matt Dillon,Obscure,,,,
Hängd,Simple,,,,
Kallblodigt,Simple,,,,
Etanolbränsle,Simple,,,,
Framlagd,Simple,,,,
Genomdriva,Simple,,,,
Centralt,Simple,,,,
Införande,Obscure,,,,
Ljudvåg,Obscure,,,,
Lott,Simple,,,,
Jubileumsnummer,Simple,,,,
Kvittera,Simple,,,,
Cajchanova,Simple,,,,
Socrates,Simple,,,,
Kvartalsavgift,Simple,,,,
Coldai,Simple,,,,
Pigg,Simple,,,,
Kundanpassning,Simple,,,,
Den 8 Juli,Obscure,,,,
Missbedöma,Simple,,,,
Införd,Simple,,,,
Ulla,Simple,,,,
Börslista,Simple,,,,
Bonnier-Dahlin,Simple,,,,
